<?xml version="1.0" encoding="UTF-8"?>
<!--DSMETA version = "6.01.01" hash = "7c5e0795a692cd95e2d168169d35e4d07b5839bc"-->
<Menu>
	<Items>
		<!--Меню для отладки-->
		<Item>
			<ItemSysname>testItems</ItemSysname>
			<ItemCaption>Тестирование</ItemCaption>
			<ItemDescription/>
			<ItemAction>NONE</ItemAction>
			<ItemActionParams/>
			<ItemExpanded>1</ItemExpanded>
			<ItemOpenMulti/>
			<ItemOpenNewPage/>
			<Items>
                <Item>
                    <ItemSysname>result</ItemSysname>
                    <ItemCaption>Экспертиза залога</ItemCaption>
                    <ItemDescription></ItemDescription>
                    <ItemAction>NEWPAGEFLOW</ItemAction>
                    <ItemActionParams>loanApp/mortgageLoanApp/collateralAssessment/collateralAssessment</ItemActionParams>
                    <ItemExpanded>0</ItemExpanded>
                    <ItemOpenMulti>0</ItemOpenMulti>
                    <ItemOpenNewPage>1</ItemOpenNewPage>
                    <ItemIconData>color2 icon-list</ItemIconData>
                    <ItemInputParams>
                        <InputParam key="APPLICATIONID">1002</InputParam>
                    </ItemInputParams>
                    <AccessOrder>DENY</AccessOrder>
                    <Allow>#Operator</Allow>
                </Item>
			</Items>
		</Item>
	</Items>
</Menu>

