<?xml version="1.0" encoding="UTF-8"?>
<!--DSMETA version = "5.11.01-24051602" hash = "6d79c1c19330c0bee1ed282e41a1ee8ed3fd2274"-->
<Menu>
 <Item>
   <ItemSysname>loanApp</ItemSysname>
   <ItemCaption>Loan applications</ItemCaption>
   <ItemDescription/>
   <ItemAction>NONE</ItemAction>
   <ItemActionParams/>
   <ItemExpanded>1</ItemExpanded>
     <Items>
		<!--Tasks and Applications-->
         <Item>
             <ItemSysname>taskAndApp</ItemSysname>
             <ItemCaption>Tasks and Applications</ItemCaption>
             <ItemDescription/>
             <ItemAction>NONE</ItemAction>
             <ItemActionParams/>
             <ItemExpanded>1</ItemExpanded>
             <ItemOpenMulti/>
             <ItemOpenNewPage/>
             <Items>
                 <Item>
                     <ItemSysname>createLoanApplication</ItemSysname>
                     <ItemCaption>Create Loan Application</ItemCaption>
                     <ItemDescription></ItemDescription>
                     <ItemAction>NEWPAGEFLOW</ItemAction>
                     <ItemActionParams>COMMON/APPLICATION/applicationMainProcess</ItemActionParams>
                     <ItemExpanded>0</ItemExpanded>
                     <ItemOpenMulti>0</ItemOpenMulti>
                     <ItemOpenNewPage>1</ItemOpenNewPage>
                     <ItemIconData>big-menu_item_icon__blue*icon icon-bill</ItemIconData>
                     <AccessOrder>DENY</AccessOrder>
                     <Allow>#LOSRelationshipManager</Allow>
                 </Item>
				 <Item>
                     <ItemSysname>createUnsecuredLoanApplication</ItemSysname>
                     <ItemCaption>Create Unsecured Loan Application</ItemCaption>
                     <ItemDescription></ItemDescription>
                     <ItemAction>NEWPAGEFLOW</ItemAction>
                     <ItemActionParams>loanApp/unsecuredLoanAppINT/inputApplication/inputApplication</ItemActionParams>
                     <ItemExpanded>0</ItemExpanded>
                     <ItemOpenMulti>0</ItemOpenMulti>
                     <ItemOpenNewPage>1</ItemOpenNewPage>
                     <ItemIconData>big-menu_item_icon__blue*icon icon-payday-loan</ItemIconData>
                     <AccessOrder>DENY</AccessOrder>
                     <Allow>#LOSRegionalScanningOfficer</Allow>
                 </Item>
                 <Item>
                     <ItemSysname>taskList</ItemSysname>
                     <ItemCaption>Task List</ItemCaption>
                     <ItemDescription></ItemDescription>
                     <ItemAction>NEWPAGEFLOW</ItemAction>
                     <ItemActionParams>COMMON/TASK/taskList</ItemActionParams>
                     <ItemExpanded>0</ItemExpanded>
                     <ItemOpenMulti>0</ItemOpenMulti>
                     <ItemOpenNewPage>1</ItemOpenNewPage>
                     <ItemIconData>big-menu_item_icon__green*glyphicon glyphicon-tasks</ItemIconData>
                     <AccessOrder>DENY</AccessOrder>
                     <Allow>#LOSSalesPerson;#LOSSalesPersonAssistant;#LOSTeamLeaderOfSalesPerson;#LOSBranchManager;#LOSRelationshipManager;#LOSReappraisalAdmin;#LOSUnderwriter;#LOSUnderwriterManager;#LOSTeamleaderOfUnderwriter;#LOSFieldCheckInspector;#LOSFieldCheckControllr;#LOSApproverHO;#LOSCreditAdminBranch;#LOSCreditAdminHeadOffice#LOSCADocumetPrep;#LOSCADocumentChecker;#LOSDocumentsCollector;#LOSBranchApproval;#LOSApproverBranch;#LOSSalesPersonTaskManager;#LOSSalesPersonAssistantTaskManager;#LSTeamLeaderOfSalesPersonTaskManager;#LOSBranchManagerTaskManager;#LOSRelationshipManagerTaskManager;#LOSReappraisalAdminTaskManager;#LOSUnderwriterTaskManager;#LOSUnderwriterManagerTaskManager;#LOSTeamleaderOfUnderwriterTaskManage;#LOSFieldCheckInspectorTaskManager;#LOSFieldCheckControllerTaskManager;#LOSApproverHOTaskManager;#LOSCreditAdminBranchTaskManager;#LOSCreditAdminHeadOfficeTaskManager;#LOSCADocumetPrepTaskManager;#LOSCADocumentCheckerTaskManager;#LOSDocumentsCollectorTaskManager;#LOSRegionalScanningOfficer;#LOSRegionalScanningOfficerTaskManager;#LOSDataEntryOfficer;#LOSDataEntryOfficerTaskManager;#LOSDocumentChecker;#LOSDocumentCheckerTaskManager;#LOSPolicyChecker;#LOSPolicyCheckerTaskManager;#LOSPhoneVerifier;#LOSPhoneVerifierTaskManager;#LOSFieldVerificationAdmin;#LOSFieldVerificationAdminTaskManager;#LOSUnderwriterDL;#LOSUnderwriterDLTaskManager;#LOSContractProcessingOfficer;#LOSContractPrcessingOfficerTaskManager;#LOSNotificationOfficer;#LOSNotificationOfficerTaskManager;#LOSDisburcementOfficer;#LOSDisburcementOfficerTaskManager;#LOSAccountManager;#LOSAccountManageranager;#LOSSuperuser</Allow>
                 </Item>
                 <Item>
                     <ItemSysname>applicationList</ItemSysname>
                     <ItemCaption>Application List</ItemCaption>
                     <ItemDescription></ItemDescription>
                     <ItemAction>NEWPAGEFLOW</ItemAction>
                     <ItemActionParams>COMMON/APPLICATION/applicationMainProcess</ItemActionParams>
                     <ItemExpanded>0</ItemExpanded>
                     <ItemOpenMulti>0</ItemOpenMulti>
                     <ItemOpenNewPage>1</ItemOpenNewPage>
                     <ItemIconData>big-menu_item_icon__turquoise*icon icon-report</ItemIconData>
                     <AccessOrder>DENY</AccessOrder>
                     <Allow>#LOSSalesPerson;#LOSSalesPersonAssistant;#LOSTeamLeaderOfSalesPerson;#LOSBranchManager;#LOSRelationshipManager;#LOSReappraisalAdmin;#LOSUnderwriter;#LOSUnderwriterManager;#LOSTeamleaderOfUnderwriter;#LOSFieldCheckInspector;#LOSFildCheckController;#LOSApproverHO;#LOSCreditAdminBranch;#LOSCreditAdminHeadOffice;#LOSCADocumetPrep;#LOSCADocumentChecker;#LOSDocumentsCollector;#LOSBranchApproval;#LOSApproverBranch;#LOSSalesPersonTaskManager;#LOSSalesPersonAssistantTskManager;#LOSTeamLeaderOfSalesPersonTaskManager;#LOSBranchManagerTaskManager;#LOSRelationshipManagerTaskManager;#LOSReappraisalAdminTaskManager;#LOSUnderwriterTaskManager;#LOSUnderwriterManagerTaskManager;#LOSTeamleaderOfUnderwriteTaskManager;#LOSFieldCheckInspectorTaskManager;#LOSFieldCheckControllerTaskManager;#LOSApproverHOTaskManager;#LOSCreditAdminBranchTaskManager;#LOSCreditAdminHeadOfficeTaskManager;#LOSCADocumetPrepTaskManager;#LOSCADocumentCheckerTasManager;#LOSDocumentsCollectorTaskManager;#LOSAccountManager;#LOSAccountManageranager;#LOSSuperuser;#LOSContractProcessingOfficer;#LOSContractProcessingOfficerTaskManager;#LOSAppSuperviser</Allow>
                     <ItemInputParams>
                         <InputParam key="clientCardEFO">true</InputParam>
                         <InputParam key="searchAppListFlag">true</InputParam>
                         <InputParam key="clientIdentification">false</InputParam>
                         <InputParam key="ACTION">NEXT</InputParam>
                         <InputParam key="curPage">APPLIST</InputParam>
                     </ItemInputParams>
                 </Item>
                 <Item>
                     <ItemSysname>userDistributionTasksList</ItemSysname>
                     <ItemCaption>Users for Task Assign</ItemCaption>
                     <ItemDescription></ItemDescription>
                     <ItemAction>NEWPAGEFLOW</ItemAction>
                     <ItemActionParams>COMMON/TASK/userDistributionTasksList</ItemActionParams>
                     <ItemExpanded>0</ItemExpanded>
                     <ItemOpenMulti>0</ItemOpenMulti>
                     <ItemOpenNewPage>1</ItemOpenNewPage>
                     <ItemIconData>big-menu_item_icon__turquoise*glyphicon glyphicon-user</ItemIconData>
					 <AccessOrder>DENY</AccessOrder>
					 <Allow>#LOSUnderwriterTaskManager</Allow>
                 </Item>
				 <Item>
                    <ItemSysname>leadList</ItemSysname>
                    <ItemCaption>Lead List</ItemCaption>
                    <ItemDescription></ItemDescription>
                    <ItemAction>NEWPAGEFLOW</ItemAction>
                    <ItemActionParams>COMMON/LEAD/applicationList</ItemActionParams>
                    <ItemExpanded>0</ItemExpanded>
                    <ItemOpenMulti>0</ItemOpenMulti>
                    <ItemOpenNewPage>1</ItemOpenNewPage>
                    <ItemIconData>big-menu_item_icon__orange*icon icon-two-customer</ItemIconData>
                    <AccessOrder>DENY</AccessOrder>
                    <Allow>#Mrtg_InternalLoanOfficer;#Mrtg_ManagerCSD;#Mrtg_MobileSalesManager;#Mrtg_ExternalSalesManager;#Avto_InternalLoanOfficer;#Avto_ExternalSalesManager;#Avto_ManagerCSD;#Avto_ChiefInternalLoanOfficer;#Avto_AccountManager;#Avto_ExtSalesManagerOnContract;#Avto_MobileSalesManager;#LOSSalesPersonTL;#LOSSalesPerson;#LOSAccountManager</Allow>
                </Item>
             </Items>
         </Item>
	</Items>
  </Item>
</Menu>

